{"IcoMoonType":"selection","icons":[{"icon":{"paths":["M925.714 233.143c-25.143 36.571-56.571 69.143-92.571 95.429 0.571 8 0.571 16 0.571 24 0 244-185.714 525.143-525.143 525.143-104.571 0-201.714-30.286-283.429-82.857 14.857 1.714 29.143 2.286 44.571 2.286 86.286 0 165.714-29.143 229.143-78.857-81.143-1.714-149.143-54.857-172.571-128 11.429 1.714 22.857 2.857 34.857 2.857 16.571 0 33.143-2.286 48.571-6.286-84.571-17.143-148-91.429-148-181.143v-2.286c24.571 13.714 53.143 22.286 83.429 23.429-49.714-33.143-82.286-89.714-82.286-153.714 0-34.286 9.143-65.714 25.143-93.143 90.857 112 227.429 185.143 380.571 193.143-2.857-13.714-4.571-28-4.571-42.286 0-101.714 82.286-184.571 184.571-184.571 53.143 0 101.143 22.286 134.857 58.286 41.714-8 81.714-23.429 117.143-44.571-13.714 42.857-42.857 78.857-81.143 101.714 37.143-4 73.143-14.286 106.286-28.571z"],"width":950.8571428571428,"attrs":[],"isMulticolor":false,"isMulticolor2":false,"tags":["twitter"],"defaultCode":61593,"grid":14},"attrs":[],"properties":{"name":"twitter","id":145,"order":1559,"prevSize":28,"code":61593},"setIdx":1,"setId":3,"iconIdx":145},{"icon":{"paths":["M548 6.857v150.857h-89.714c-70.286 0-83.429 33.714-83.429 82.286v108h167.429l-22.286 169.143h-145.143v433.714h-174.857v-433.714h-145.714v-169.143h145.714v-124.571c0-144.571 88.571-223.429 217.714-223.429 61.714 0 114.857 4.571 130.286 6.857z"],"width":602.2582857142856,"attrs":[],"isMulticolor":false,"isMulticolor2":false,"tags":["facebook","facebook-f"],"defaultCode":61594,"grid":14},"attrs":[],"properties":{"name":"facebook, facebook-f","id":146,"order":1558,"prevSize":28,"code":61594},"setIdx":1,"setId":3,"iconIdx":146},{"icon":{"paths":["M438.857 73.143c242.286 0 438.857 196.571 438.857 438.857 0 193.714-125.714 358.286-300 416.571-22.286 4-30.286-9.714-30.286-21.143 0-14.286 0.571-61.714 0.571-120.571 0-41.143-13.714-67.429-29.714-81.143 97.714-10.857 200.571-48 200.571-216.571 0-48-17.143-86.857-45.143-117.714 4.571-11.429 19.429-56-4.571-116.571-36.571-11.429-120.571 45.143-120.571 45.143-34.857-9.714-72.571-14.857-109.714-14.857s-74.857 5.143-109.714 14.857c0 0-84-56.571-120.571-45.143-24 60.571-9.143 105.143-4.571 116.571-28 30.857-45.143 69.714-45.143 117.714 0 168 102.286 205.714 200 216.571-12.571 11.429-24 30.857-28 58.857-25.143 11.429-89.143 30.857-127.429-36.571-24-41.714-67.429-45.143-67.429-45.143-42.857-0.571-2.857 26.857-2.857 26.857 28.571 13.143 48.571 64 48.571 64 25.714 78.286 148 52 148 52 0 36.571 0.571 70.857 0.571 81.714 0 11.429-8 25.143-30.286 21.143-174.286-58.286-300-222.857-300-416.571 0-242.286 196.571-438.857 438.857-438.857zM166.286 703.429c1.143-2.286-0.571-5.143-4-6.857-3.429-1.143-6.286-0.571-7.429 1.143-1.143 2.286 0.571 5.143 4 6.857 2.857 1.714 6.286 1.143 7.429-1.143zM184 722.857c2.286-1.714 1.714-5.714-1.143-9.143-2.857-2.857-6.857-4-9.143-1.714-2.286 1.714-1.714 5.714 1.143 9.143 2.857 2.857 6.857 4 9.143 1.714zM201.143 748.571c2.857-2.286 2.857-6.857 0-10.857-2.286-4-6.857-5.714-9.714-3.429-2.857 1.714-2.857 6.286 0 10.286s7.429 5.714 9.714 4zM225.143 772.571c2.286-2.286 1.143-7.429-2.286-10.857-4-4-9.143-4.571-11.429-1.714-2.857 2.286-1.714 7.429 2.286 10.857 4 4 9.143 4.571 11.429 1.714zM257.714 786.857c1.143-3.429-2.286-7.429-7.429-9.143-4.571-1.143-9.714 0.571-10.857 4s2.286 7.429 7.429 8.571c4.571 1.714 9.714 0 10.857-3.429zM293.714 789.714c0-4-4.571-6.857-9.714-6.286-5.143 0-9.143 2.857-9.143 6.286 0 4 4 6.857 9.714 6.286 5.143 0 9.143-2.857 9.143-6.286zM326.857 784c-0.571-3.429-5.143-5.714-10.286-5.143-5.143 1.143-8.571 4.571-8 8.571 0.571 3.429 5.143 5.714 10.286 4.571s8.571-4.571 8-8z"],"width":877.7142857142857,"attrs":[],"isMulticolor":false,"isMulticolor2":false,"tags":["github"],"defaultCode":61595,"grid":14},"attrs":[],"properties":{"name":"github","id":147,"order":1563,"prevSize":28,"code":61595},"setIdx":1,"setId":3,"iconIdx":147},{"icon":{"paths":["M199.429 357.143v566.286h-188.571v-566.286h188.571zM211.429 182.286c0.571 54.286-40.571 97.714-106.286 97.714v0h-1.143c-63.429 0-104-43.429-104-97.714 0-55.429 42.286-97.714 106.286-97.714 64.571 0 104.571 42.286 105.143 97.714zM877.714 598.857v324.571h-188v-302.857c0-76-27.429-128-95.429-128-52 0-82.857 34.857-96.571 68.571-4.571 12.571-6.286 29.143-6.286 46.286v316h-188c2.286-513.143 0-566.286 0-566.286h188v82.286h-1.143c24.571-38.857 69.143-95.429 170.857-95.429 124 0 216.571 81.143 216.571 254.857z"],"width":877.7142857142857,"attrs":[],"isMulticolor":false,"isMulticolor2":false,"tags":["linkedin"],"defaultCode":61665,"grid":14},"attrs":[],"properties":{"name":"linkedin","id":200,"order":1561,"prevSize":28,"code":61665},"setIdx":1,"setId":3,"iconIdx":200},{"icon":{"paths":["M585.143 512c0-80.571-65.714-146.286-146.286-146.286s-146.286 65.714-146.286 146.286 65.714 146.286 146.286 146.286 146.286-65.714 146.286-146.286zM664 512c0 124.571-100.571 225.143-225.143 225.143s-225.143-100.571-225.143-225.143 100.571-225.143 225.143-225.143 225.143 100.571 225.143 225.143zM725.714 277.714c0 29.143-23.429 52.571-52.571 52.571s-52.571-23.429-52.571-52.571 23.429-52.571 52.571-52.571 52.571 23.429 52.571 52.571zM438.857 152c-64 0-201.143-5.143-258.857 17.714-20 8-34.857 17.714-50.286 33.143s-25.143 30.286-33.143 50.286c-22.857 57.714-17.714 194.857-17.714 258.857s-5.143 201.143 17.714 258.857c8 20 17.714 34.857 33.143 50.286s30.286 25.143 50.286 33.143c57.714 22.857 194.857 17.714 258.857 17.714s201.143 5.143 258.857-17.714c20-8 34.857-17.714 50.286-33.143s25.143-30.286 33.143-50.286c22.857-57.714 17.714-194.857 17.714-258.857s5.143-201.143-17.714-258.857c-8-20-17.714-34.857-33.143-50.286s-30.286-25.143-50.286-33.143c-57.714-22.857-194.857-17.714-258.857-17.714zM877.714 512c0 60.571 0.571 120.571-2.857 181.143-3.429 70.286-19.429 132.571-70.857 184s-113.714 67.429-184 70.857c-60.571 3.429-120.571 2.857-181.143 2.857s-120.571 0.571-181.143-2.857c-70.286-3.429-132.571-19.429-184-70.857s-67.429-113.714-70.857-184c-3.429-60.571-2.857-120.571-2.857-181.143s-0.571-120.571 2.857-181.143c3.429-70.286 19.429-132.571 70.857-184s113.714-67.429 184-70.857c60.571-3.429 120.571-2.857 181.143-2.857s120.571-0.571 181.143 2.857c70.286 3.429 132.571 19.429 184 70.857s67.429 113.714 70.857 184c3.429 60.571 2.857 120.571 2.857 181.143z"],"width":877.7142857142857,"attrs":[],"isMulticolor":false,"isMulticolor2":false,"tags":["instagram"],"defaultCode":61805,"grid":14},"attrs":[],"properties":{"name":"instagram","id":329,"order":1560,"prevSize":28,"code":61805},"setIdx":1,"setId":3,"iconIdx":329},{"icon":{"paths":["M796 694.286c-14.286 45.143-37.143 93.143-70.286 142.857-49.143 74.857-98.286 112-146.857 112-19.429 0-45.714-6.286-80-18.286-33.714-12.571-62.857-18.286-86.286-18.286-22.857 0-50.286 6.286-81.143 18.857-31.429 13.143-56.571 19.429-75.429 19.429-58.857 0-115.429-49.714-172-148-55.429-98.286-84-193.714-84-287.429 0-87.429 21.714-158.286 64.571-213.714 42.857-54.857 96.571-82.286 162.286-82.286 28 0 61.143 5.714 101.143 17.143 39.429 11.429 65.714 17.143 78.857 17.143 16.571 0 44-6.286 81.714-19.429 37.714-12.571 70.857-19.429 98.857-19.429 45.714 0 86.286 12.571 121.714 37.143 20 13.714 40 33.143 59.429 57.143-29.714 25.143-51.429 47.429-65.143 67.429-24.571 35.429-37.143 74.857-37.143 118.286 0 46.857 13.143 89.714 39.429 127.429s56.571 61.714 90.286 72zM581.143 24c0 23.429-5.714 49.714-16.571 77.714-11.429 28.571-29.143 54.857-53.143 78.857-20.571 20.571-41.143 34.286-61.714 41.143-13.143 4-32.571 7.429-59.429 9.714 1.143-56.571 16-105.714 44.571-146.857s76.571-69.143 142.857-84.571c1.143 5.143 2.286 9.143 2.857 12.571 0 4 0.571 7.429 0.571 11.429z"],"width":796.0137142857142,"attrs":[],"isMulticolor":false,"isMulticolor2":false,"tags":["apple"],"defaultCode":61817,"grid":14},"attrs":[],"properties":{"name":"apple","id":340,"order":1565,"prevSize":28,"code":61817},"setIdx":1,"setId":3,